file,begin,end,speaker,overall_log_likelihood,speech_log_likelihood,phone_duration_deviation,snr
utt_0003,0.0,27.33,speaker_A,-46.373136205634836,-50.88047383314262,3.528034123975227,12.922553889643027
utt_0001,0.0,12.22,speaker_A,-44.47044739668576,-49.53281590996719,1.983938157757379,13.901226912037714
utt_0002,0.0,5.051,speaker_B,,,,
